<?xml version="1.0" encoding="utf-8"?>
<doc>
<assembly><name>fsc</name></assembly>
<members>
<member name="">

</member>
<member name="">

</member>
<member name="">

</member>
<member name="">

</member>
<member name="P:FSCstrings.SR.SwallowResourceText(System.Boolean)">
<summary>
 If set to true, then all error messages will just return the filled &apos;holes&apos; delimited by &apos;,,,&apos;s - this is for language-neutral testing (e.g. localization-invariant baselines).
</summary>
</member>
<member name="P:FSCstrings.SR.SwallowResourceText">
<summary>
 If set to true, then all error messages will just return the filled &apos;holes&apos; delimited by &apos;,,,&apos;s - this is for language-neutral testing (e.g. localization-invariant baselines).
</summary>
</member>
<member name="M:FSCstrings.SR.fscTwoResourceManifests">
<summary>
 Conflicting options specified: &apos;win32manifest&apos; and &apos;win32res&apos;. Only one of these can be used.
 (Originally from C:\Tomas\Research\Joinads\FSharp.Extensions\src\fsharp\FSCstrings.txt:18)
</summary>
</member>
<member name="M:FSCstrings.SR.fscTooManyErrors">
<summary>
 Exiting - too many errors
 (Originally from C:\Tomas\Research\Joinads\FSharp.Extensions\src\fsharp\FSCstrings.txt:15)
</summary>
</member>
<member name="M:FSCstrings.SR.fscStaticLinkingNoMixedDLL">
<summary>
 Static linking may not include a mixed managed/unmanaged DLL
 (Originally from C:\Tomas\Research\Joinads\FSharp.Extensions\src\fsharp\FSCstrings.txt:22)
</summary>
</member>
<member name="M:FSCstrings.SR.fscStaticLinkingNoEXE">
<summary>
 Static linking may not include a .EXE
 (Originally from C:\Tomas\Research\Joinads\FSharp.Extensions\src\fsharp\FSCstrings.txt:21)
</summary>
</member>
<member name="M:FSCstrings.SR.fscRemotingError">
<summary>
 The resident compilation service was not used because a problem occured in communicating with the server.
 (Originally from C:\Tomas\Research\Joinads\FSharp.Extensions\src\fsharp\FSCstrings.txt:34)
</summary>
</member>
<member name="M:FSCstrings.SR.fscReferenceOnCommandLine(System.String)">
<summary>
 The assembly &apos;%s&apos; is listed on the command line. Assemblies should be referenced using a command line flag such as &apos;-r&apos;.
 (Originally from C:\Tomas\Research\Joinads\FSharp.Extensions\src\fsharp\FSCstrings.txt:33)
</summary>
</member>
<member name="M:FSCstrings.SR.fscQuotationLiteralsStaticLinking0">
<summary>
 Code in this assembly makes uses of quotation literals. Static linking may not include components that make use of quotation literals.
 (Originally from C:\Tomas\Research\Joinads\FSharp.Extensions\src\fsharp\FSCstrings.txt:20)
</summary>
</member>
<member name="M:FSCstrings.SR.fscQuotationLiteralsStaticLinking(System.String)">
<summary>
 The code in assembly &apos;%s&apos; makes uses of quotation literals. Static linking may not include components that make use of quotation literals.
 (Originally from C:\Tomas\Research\Joinads\FSharp.Extensions\src\fsharp\FSCstrings.txt:19)
</summary>
</member>
<member name="M:FSCstrings.SR.fscProblemWritingBinary(System.String,System.String)">
<summary>
 A problem occurred writing the binary &apos;%s&apos;: %s
 (Originally from C:\Tomas\Research\Joinads\FSharp.Extensions\src\fsharp\FSCstrings.txt:27)
</summary>
</member>
<member name="M:FSCstrings.SR.fscNoImplementationFiles">
<summary>
 No implementation files specified
 (Originally from C:\Tomas\Research\Joinads\FSharp.Extensions\src\fsharp\FSCstrings.txt:16)
</summary>
</member>
<member name="M:FSCstrings.SR.fscKeyNameWarning">
<summary>
 Option &apos;--keycontainer&apos; overrides attribute &apos;System.Reflection.AssemblyNameAttribute&apos; given in a source file or added module
 (Originally from C:\Tomas\Research\Joinads\FSharp.Extensions\src\fsharp\FSCstrings.txt:32)
</summary>
</member>
<member name="M:FSCstrings.SR.fscKeyFileWarning">
<summary>
 Option &apos;--keyfile&apos; overrides attribute &apos;System.Reflection.AssemblyKeyFileAttribute&apos; given in a source file or added module
 (Originally from C:\Tomas\Research\Joinads\FSharp.Extensions\src\fsharp\FSCstrings.txt:31)
</summary>
</member>
<member name="M:FSCstrings.SR.fscKeyFileCouldNotBeOpened(System.String)">
<summary>
 The key file &apos;%s&apos; could not be opened
 (Originally from C:\Tomas\Research\Joinads\FSharp.Extensions\src\fsharp\FSCstrings.txt:26)
</summary>
</member>
<member name="M:FSCstrings.SR.fscIgnoringMixedWhenLinking(System.String)">
<summary>
 Ignoring mixed managed/unmanaged assembly &apos;%s&apos; during static linking
 (Originally from C:\Tomas\Research\Joinads\FSharp.Extensions\src\fsharp\FSCstrings.txt:23)
</summary>
</member>
<member name="M:FSCstrings.SR.fscDelaySignWarning">
<summary>
 Option &apos;--delaysign&apos; overrides attribute &apos;System.Reflection.AssemblyDelaySignAttribute&apos; given in a source file or added module
 (Originally from C:\Tomas\Research\Joinads\FSharp.Extensions\src\fsharp\FSCstrings.txt:30)
</summary>
</member>
<member name="M:FSCstrings.SR.fscBadAssemblyVersion(System.String)">
<summary>
 An AssemblyVersionAttribute specified version &apos;%s&apos;, but this value is invalid and has been ignored
 (Originally from C:\Tomas\Research\Joinads\FSharp.Extensions\src\fsharp\FSCstrings.txt:17)
</summary>
</member>
<member name="M:FSCstrings.SR.fscAssumeStaticLinkContainsNoDependencies(System.String)">
<summary>
 Assembly &apos;%s&apos; was referenced transitively and the assembly could not be resolved automatically. Static linking will assume this DLL has no dependencies on the F# library or other statically linked DLLs. Consider adding an explicit reference to this DLL.
 (Originally from C:\Tomas\Research\Joinads\FSharp.Extensions\src\fsharp\FSCstrings.txt:24)
</summary>
</member>
<member name="M:FSCstrings.SR.fscAssemblyVersionAttributeIgnored">
<summary>
 The &apos;AssemblyVersionAttribute&apos; has been ignored because a version was given using a command line option
 (Originally from C:\Tomas\Research\Joinads\FSharp.Extensions\src\fsharp\FSCstrings.txt:28)
</summary>
</member>
<member name="M:FSCstrings.SR.fscAssemblyNotFoundInDependencySet(System.String)">
<summary>
 Assembly &apos;%s&apos; not found in dependency set of target binary. Statically linked roots should be specified using an assembly name, without a DLL or EXE extension. If this assembly was referenced explicitly then it is possible the assembly was not actually required by the generated binary, in which case it should not be statically linked.
 (Originally from C:\Tomas\Research\Joinads\FSharp.Extensions\src\fsharp\FSCstrings.txt:25)
</summary>
</member>
<member name="M:FSCstrings.SR.fscAssemblyCultureAttributeError">
<summary>
 Error emitting &apos;System.Reflection.AssemblyCultureAttribute&apos; attribute -- &apos;Executables cannot be satellite assemblies, Culture should always be empty&apos;
 (Originally from C:\Tomas\Research\Joinads\FSharp.Extensions\src\fsharp\FSCstrings.txt:29)
</summary>
</member>
<member name="M:FSCstrings.SR.docfileNoXmlSuffix">
<summary>
 The documentation file has no .xml suffix
 (Originally from C:\Tomas\Research\Joinads\FSharp.Extensions\src\fsharp\FSCstrings.txt:14)
</summary>
</member>
<member name="M:FSCstrings.SR.RunStartupValidation">
<summary>
 Call this method once to validate that all known resources are valid; throws if not
</summary>
</member>
<member name="">

</member>
<member name="">

</member>
<member name="">

</member>
<member name="">

</member>
<member name="T:Microsoft.FSharp.Compiler.CommandLineMain">

</member>
<member name="">

</member>
<member name="">

</member>
<member name="">

</member>
<member name="">

</member>
<member name="">

</member>
<member name="">

</member>
<member name="">

</member>
<member name="">

</member>
<member name="">

</member>
<member name="">

</member>
<member name="">

</member>
<member name="T:Microsoft.FSharp.Compiler.Driver.DelayAndForwardErrorLogger">
<summary>
 This error logger delays the messages it recieves. At the end, call ForwardDelayedErrorsAndWarnings
 to send the held messages.     
</summary>
</member>
<member name="">

</member>
<member name="">

</member>
<member name="">

</member>
<member name="">

</member>
<member name="">

</member>
<member name="">

</member>
<member name="">

</member>
<member name="">

</member>
<member name="">

</member>
<member name="">

</member>
<member name="M:Microsoft.FSharp.Compiler.Driver.AdjustForScriptCompile(Microsoft.FSharp.Compiler.Build.TcConfigBuilder,Microsoft.FSharp.Collections.FSharpList{System.String},Microsoft.FSharp.Compiler.Lexhelp.LexResourceManager)">
<summary>
 Check for .fsx and, if present, compute the load closure for of #loaded files.
</summary>
</member>
<member name="">

</member>
<member name="">

</member>
<member name="">

</member>
<member name="">

</member>
<member name="">

</member>
<member name="">

</member>
<member name="">

</member>
<member name="">

</member>
<member name="">

</member>
<member name="">

</member>
<member name="">

</member>
<member name="">

</member>
<member name="">

</member>
<member name="">

</member>
<member name="">

</member>
<member name="">

</member>
<member name="">

</member>
<member name="M:Microsoft.FSharp.Compiler.Driver.ErrorLoggerThatQuitsAfterMaxErrors(Microsoft.FSharp.Compiler.Build.TcConfigBuilder)">
<summary>
 Create an error logger that counts and prints errors 
</summary>
</member>
<member name="">

</member>
<member name="">

</member>
<member name="">

</member>
<member name="">

</member>
<member name="">

</member>
<member name="">

</member>
<member name="">

</member>
<member name="">

</member>
<member name="">

</member>
<member name="">

</member>
<member name="">

</member>
<member name="">

</member>
<member name="">

</member>
<member name="">

</member>
<member name="">

</member>
<member name="">

</member>
<member name="">

</member>
<member name="">

</member>
<member name="">

</member>
<member name="">

</member>
<member name="">

</member>
<member name="T:Microsoft.FSharp.Compiler.Driver.FSharpResidentCompiler.FSharpCompilationServer">
<summary>
 The compilation server, which runs in the server process. Accessed by clients using .NET remoting.
</summary>
</member>
<member name="">

</member>
<member name="">

</member>
<member name="">

</member>
<member name="T:Microsoft.FSharp.Compiler.Driver.FSharpResidentCompiler.OutputCollector">
<summary>
 Collect the output from the stdout and stderr streams, character by character,
 recording the console color used along the way.
</summary>
</member>
<member name="T:Microsoft.FSharp.Compiler.Driver.FSharpResidentCompiler">
<summary>
 Implement the optional resident compilation service
</summary>
</member>
<member name="">

</member>
<member name="">

</member>
<member name="T:Microsoft.FSharp.Compiler.Driver.FileWriter">

</member>
<member name="">

</member>
<member name="">

</member>
<member name="">

</member>
<member name="">

</member>
<member name="">

</member>
<member name="">

</member>
<member name="">

</member>
<member name="">

</member>
<member name="">

</member>
<member name="">

</member>
<member name="T:Microsoft.FSharp.Compiler.Driver.StaticLinker">
<summary>
 OPTIONAL STATIC LINKING OF ALL DLLs THAT DEPEND ON THE F# LIBRARY
</summary>
</member>
<member name="">

</member>
<member name="T:Microsoft.FSharp.Compiler.Driver.MainModuleBuilder">

</member>
<member name="">

</member>
<member name="">

</member>
<member name="">

</member>
<member name="M:Microsoft.FSharp.Compiler.Driver.AttributeHelpers.TryFindStringAttribute(Microsoft.FSharp.Compiler.Env.TcGlobals,System.String,Microsoft.FSharp.Collections.FSharpList{Microsoft.FSharp.Compiler.Tast.Attrib})">
<summary>
 Try to find an attribute that takes a string argument
</summary>
</member>
<member name="T:Microsoft.FSharp.Compiler.Driver.AttributeHelpers">
<summary>
 Helpers for finding attributes
</summary>
</member>
<member name="">

</member>
<member name="T:Microsoft.FSharp.Compiler.Driver.ManifestResourceFormat">

</member>
<member name="">

</member>
<member name="">

</member>
<member name="">

</member>
<member name="">

</member>
<member name="">

</member>
<member name="">

</member>
<member name="">

</member>
<member name="">

</member>
<member name="">

</member>
<member name="">

</member>
<member name="T:Microsoft.FSharp.Compiler.Driver.VersionResourceFormat">

</member>
<member name="">

</member>
<member name="">

</member>
<member name="T:Microsoft.FSharp.Compiler.Driver.ResFileFormat">

</member>
<member name="">

</member>
<member name="">

</member>
<member name="">

</member>
<member name="">

</member>
<member name="">

</member>
<member name="">

</member>
<member name="">

</member>
<member name="T:Microsoft.FSharp.Compiler.Driver.BinaryGenerationUtilities">

</member>
<member name="">

</member>
<member name="">

</member>
<member name="">

</member>
<member name="">

</member>
<member name="T:Microsoft.FSharp.Compiler.Driver.XmlDocWriter">

</member>
<member name="">

</member>
<member name="T:Microsoft.FSharp.Compiler.Driver.InterfaceFileWriter">

</member>
<member name="T:Microsoft.FSharp.Compiler.Driver">

</member>
</members>
</doc>
