<?xml version="1.0" encoding="utf-8"?>
<doc>
<assembly><name>FSharp.Compiler.Server.Shared</name></assembly>
<members>
<member name="">

</member>
<member name="">

</member>
<member name="">

</member>
<member name="">

</member>
<member name="P:FSServerShared.SR.SwallowResourceText(System.Boolean)">
<summary>
 If set to true, then all error messages will just return the filled &apos;holes&apos; delimited by &apos;,,,&apos;s - this is for language-neutral testing (e.g. localization-invariant baselines).
</summary>
</member>
<member name="P:FSServerShared.SR.SwallowResourceText">
<summary>
 If set to true, then all error messages will just return the filled &apos;holes&apos; delimited by &apos;,,,&apos;s - this is for language-neutral testing (e.g. localization-invariant baselines).
</summary>
</member>
<member name="M:FSServerShared.SR.RunStartupValidation">
<summary>
 Call this method once to validate that all known resources are valid; throws if not
</summary>
</member>
<member name="">

</member>
<member name="">

</member>
<member name="">

</member>
<member name="">

</member>
<member name="">

</member>
<member name="">

</member>
<member name="">

</member>
<member name="">

</member>
<member name="">

</member>
<member name="">

</member>
<member name="">

</member>
</members>
</doc>
